{
  "seed": 42,
  "dt": 0.1,
  "r_std": 5.0,
  "rms": {
    "Stone Soup": [
      7.1962466606612905,
      8.973324101200078,
      11.895109762306232,
      7.734035472903481,
      13.279045689345832,
      15.149640694034382,
      13.116459945815894
    ],
    "FilterPy": [
      7.684943108236336,
      9.669234267708973,
      15.079615202636457,
      42.53348265673787,
      12.287568515151992,
      8.256274401675478,
      17.8280761345286
    ],
    "PyKalman": [
      7.585996947345698,
      9.307043598206254,
      12.721981532983145,
      8.988469591163149,
      13.43608984820119,
      15.274517484622598,
      13.471314361263968
    ],
    "NX-MIMOSA v4.2": [
      6.45997938061327,
      8.191954861410332,
      10.195653093234291,
      25.55249323095627,
      7.5747530383288675,
      7.373311261678566,
      11.285594066979035
    ]
  },
  "scenarios": [
    "1. Constant Velocity \u2014 straight line ~291 m/s",
    "2. Gentle Turn \u2014 2 deg/s coordinated turn",
    "3. Hard Turn \u2014 8 deg/s (~4g at 300 m/s)",
    "4. Acceleration \u2014 5g burst (100 to 500 m/s)",
    "5. Fighter Dogfight \u2014 multi-segment profile",
    "6. Jinking Evasion \u2014 +/-5 deg/s alternating",
    "7. Ballistic Arc \u2014 parabolic with gravity"
  ]
}