{
  "seed": 42,
  "dt": 0.1,
  "r_std": 5.0,
  "rms": {
    "Stone Soup": [
      7.1962484195322025,
      8.973317561704873,
      11.895104265129845,
      7.734032320491572,
      13.279045689345832,
      15.149638926118001,
      13.116436002749252
    ],
    "FilterPy": [
      7.684943108236336,
      9.669234267708973,
      15.079615202636457,
      42.53348265673787,
      12.287568515151992,
      8.256274401675478,
      17.8280761345286
    ],
    "PyKalman": [
      7.585996947345698,
      9.307043598206254,
      12.721981532983145,
      8.988469591163149,
      13.43608984820119,
      15.274517484622598,
      13.471314361263968
    ],
    "NX-MIMOSA v4.2": [
      6.21598543069235,
      8.176860515525272,
      9.72693906170242,
      5.232407867453044,
      7.984727869220218,
      7.322212163132854,
      11.342236341946883
    ]
  },
  "scenarios": [
    "1. Constant Velocity \u2014 straight line ~291 m/s",
    "2. Gentle Turn \u2014 2 deg/s coordinated turn",
    "3. Hard Turn \u2014 8 deg/s (~4g at 300 m/s)",
    "4. Acceleration \u2014 5g burst (100 to 500 m/s)",
    "5. Fighter Dogfight \u2014 multi-segment profile",
    "6. Jinking Evasion \u2014 +/-5 deg/s alternating",
    "7. Ballistic Arc \u2014 parabolic with gravity"
  ]
}